V_test,V_pred,MSE
0.18306681201721298,-4.823551,0.0298761225557682
0.14179725386272118,-4.9555445,0.0298761225557682
0.07530597251249824,-6.5825357,0.0298761225557682
0.1951457313694179,-4.548149,0.0298761225557682
0.12446856946865459,-6.3493958,0.0298761225557682
0.029727546652316788,-6.7037477,0.0298761225557682
0.09713988069571755,-4.944439,0.0298761225557682
0.09866069763483556,-5.903598,0.0298761225557682
0.08438139455831911,-6.6625395,0.0298761225557682
0.02063768891036047,-4.971533,0.0298761225557682
0.0,-6.8320475,0.0298761225557682
0.0,-6.7642345,0.0298761225557682
0.0,-6.882292,0.0298761225557682
0.0,-6.8332314,0.0298761225557682
0.0,-6.71757,0.0298761225557682
0.0,-6.735071,0.0298761225557682
0.0,-6.7584777,0.0298761225557682
0.0,-6.8666506,0.0298761225557682
0.0,-6.8617344,0.0298761225557682
0.0,-6.825769,0.0298761225557682
0.0,-6.854639,0.0298761225557682
0.0,-6.808095,0.0298761225557682
0.0,-6.803317,0.0298761225557682
0.0,-6.817564,0.0298761225557682
0.0,-6.7430353,0.0298761225557682
0.0,-6.8808675,0.0298761225557682
0.0,-6.741407,0.0298761225557682
0.0,-6.7943087,0.0298761225557682
0.0,-6.8032217,0.0298761225557682
0.0,-6.851754,0.0298761225557682
0.0,-6.8834615,0.0298761225557682
0.0,-6.837504,0.0298761225557682
0.0,-6.7867637,0.0298761225557682
0.0,-6.7237115,0.0298761225557682
0.0,-6.725738,0.0298761225557682
0.0,-6.7150793,0.0298761225557682
0.0,-6.7889442,0.0298761225557682
0.0,-6.7411423,0.0298761225557682
0.0,-6.7477217,0.0298761225557682
0.0,-6.7129126,0.0298761225557682
0.0,-6.857946,0.0298761225557682
0.0,-6.818416,0.0298761225557682
0.0,-6.798053,0.0298761225557682
0.0,-6.7705164,0.0298761225557682
0.0,-6.8392944,0.0298761225557682
0.0,-6.717913,0.0298761225557682
0.0,-6.7610908,0.0298761225557682
0.0,-6.745589,0.0298761225557682
0.0,-6.7285957,0.0298761225557682
0.0,-6.7752028,0.0298761225557682
0.0,-6.7568803,0.0298761225557682
0.0,-6.718514,0.0298761225557682
0.0,-6.7482224,0.0298761225557682
0.0,-6.7745504,0.0298761225557682
0.0,-6.7977133,0.0298761225557682
0.0,-6.777214,0.0298761225557682
0.0,-6.827922,0.0298761225557682
0.0,-6.7912397,0.0298761225557682
0.0,-6.788423,0.0298761225557682
0.0,-6.7643175,0.0298761225557682
0.0,-6.769619,0.0298761225557682
0.0,-6.7769837,0.0298761225557682
0.0,-6.776676,0.0298761225557682
0.0,-6.7681885,0.0298761225557682
0.0,-6.7137623,0.0298761225557682
0.0,-6.8327546,0.0298761225557682
0.0,-6.7424083,0.0298761225557682
0.0,-6.8123627,0.0298761225557682
0.0,-6.8396893,0.0298761225557682
0.0,-6.7382183,0.0298761225557682
0.0,-6.8521223,0.0298761225557682
0.0,-6.744981,0.0298761225557682
0.0,-6.8397617,0.0298761225557682
0.0,-6.837857,0.0298761225557682
0.0,-6.8075705,0.0298761225557682
0.0,-6.78231,0.0298761225557682
0.0,-6.8298817,0.0298761225557682
0.0,-6.884757,0.0298761225557682
0.0,-6.7626452,0.0298761225557682
0.0,-6.7379627,0.0298761225557682
0.0,-6.7629185,0.0298761225557682
0.0,-6.7597294,0.0298761225557682
0.0,-6.828201,0.0298761225557682
0.0,-6.86689,0.0298761225557682
0.0,-6.878828,0.0298761225557682
0.0,-6.7694902,0.0298761225557682
0.0,-6.875848,0.0298761225557682
0.0,-6.729758,0.0298761225557682
0.0,-6.8232512,0.0298761225557682
0.0,-6.7828226,0.0298761225557682
0.0,-6.8342447,0.0298761225557682
0.0,-6.758252,0.0298761225557682
0.0,-6.760043,0.0298761225557682
0.0,-6.88416,0.0298761225557682
0.0,-6.719506,0.0298761225557682
0.0,-6.7497406,0.0298761225557682
0.0,-6.8509912,0.0298761225557682
0.0,-6.7386055,0.0298761225557682
0.0,-6.819378,0.0298761225557682
0.0,-6.771717,0.0298761225557682
0.0,-6.8745923,0.0298761225557682
0.0,-6.801424,0.0298761225557682
0.0,-6.773455,0.0298761225557682
0.0,-6.792319,0.0298761225557682
0.0,-6.747303,0.0298761225557682
0.0,-6.7230654,0.0298761225557682
0.0,-6.8631134,0.0298761225557682
0.0,-6.7292557,0.0298761225557682
0.0,-6.7522774,0.0298761225557682
0.0,-6.869169,0.0298761225557682
0.0,-6.7770634,0.0298761225557682
0.0,-6.8142247,0.0298761225557682
0.0,-6.8005347,0.0298761225557682
0.0,-6.833377,0.0298761225557682
0.0,-6.848314,0.0298761225557682
0.0,-6.754186,0.0298761225557682
0.0,-6.885043,0.0298761225557682
0.0,-6.8477736,0.0298761225557682
0.0,-6.8078814,0.0298761225557682
0.0,-6.8844643,0.0298761225557682
0.0,-6.8752375,0.0298761225557682
0.0,-6.839578,0.0298761225557682
0.0,-6.8311214,0.0298761225557682
0.0,-6.757847,0.0298761225557682
0.0,-6.833451,0.0298761225557682
0.0,-6.787727,0.0298761225557682
0.0,-6.77569,0.0298761225557682
0.0,-6.829439,0.0298761225557682
0.0,-6.841263,0.0298761225557682
0.0,-6.82146,0.0298761225557682
0.0,-6.7792215,0.0298761225557682
0.0,-6.7815294,0.0298761225557682
0.0,-6.86355,0.0298761225557682
0.0,-6.8290606,0.0298761225557682
0.0,-6.789604,0.0298761225557682
0.0,-6.8617535,0.0298761225557682
0.0,-6.7805567,0.0298761225557682
0.0,-6.8188086,0.0298761225557682
0.0,-6.786648,0.0298761225557682
0.0,-6.7410336,0.0298761225557682
0.0,-6.76886,0.0298761225557682
0.0,-6.7940974,0.0298761225557682
0.0,-6.843953,0.0298761225557682
0.0,-6.838871,0.0298761225557682
0.0,-6.7990503,0.0298761225557682
0.0,-6.777532,0.0298761225557682
0.0,-6.8569827,0.0298761225557682
0.0,-6.7262325,0.0298761225557682
0.0,-6.7672873,0.0298761225557682
0.0,-6.7247677,0.0298761225557682
0.0,-6.808099,0.0298761225557682
0.0,-6.81149,0.0298761225557682
0.0,-6.872003,0.0298761225557682
0.0,-6.81988,0.0298761225557682
0.0,-6.7530894,0.0298761225557682
0.0,-6.750834,0.0298761225557682
0.0,-6.8814087,0.0298761225557682
0.0,-6.7298937,0.0298761225557682
0.0,-6.7593155,0.0298761225557682
0.0,-6.808792,0.0298761225557682
0.0,-6.7385077,0.0298761225557682
0.0,-6.7795706,0.0298761225557682
0.0,-6.7436075,0.0298761225557682
0.0,-6.7876043,0.0298761225557682
0.0,-6.725093,0.0298761225557682
0.0,-6.777985,0.0298761225557682
0.0,-6.832912,0.0298761225557682
0.0,-6.844218,0.0298761225557682
0.0,-6.8705773,0.0298761225557682
0.0,-6.727102,0.0298761225557682
0.0,-6.786773,0.0298761225557682
0.0,-6.7406836,0.0298761225557682
0.0,-6.7162476,0.0298761225557682
0.0,-6.7853403,0.0298761225557682
0.0,-6.796321,0.0298761225557682
0.0,-6.8076015,0.0298761225557682
0.0,-6.730542,0.0298761225557682
0.0,-6.718544,0.0298761225557682
0.0,-6.729648,0.0298761225557682
0.0,-6.733358,0.0298761225557682
0.0,-6.7413497,0.0298761225557682
0.0,-6.8295813,0.0298761225557682
0.0,-6.7425847,0.0298761225557682
0.0,-6.7672396,0.0298761225557682
0.0,-6.8238044,0.0298761225557682
0.0,-6.8496537,0.0298761225557682
0.0,-6.7517147,0.0298761225557682
0.0,-6.7937994,0.0298761225557682
0.0,-6.814301,0.0298761225557682
0.0,-6.876813,0.0298761225557682
0.0,-6.799364,0.0298761225557682
0.0,-6.8657436,0.0298761225557682
0.0,-6.8090105,0.0298761225557682
0.0,-6.880927,0.0298761225557682
0.0,-6.7374086,0.0298761225557682
0.0,-6.8139973,0.0298761225557682
0.0,-6.729685,0.0298761225557682
0.0,-6.726508,0.0298761225557682
0.0,-6.7333913,0.0298761225557682
0.0,-6.7905006,0.0298761225557682
0.0,-6.805624,0.0298761225557682
0.0,-6.8263435,0.0298761225557682
0.0,-6.834077,0.0298761225557682
0.0,-6.788337,0.0298761225557682
0.0,-6.7533073,0.0298761225557682
0.0,-6.803151,0.0298761225557682
0.0,-6.817361,0.0298761225557682
0.0,-6.7415867,0.0298761225557682
0.0,-6.7539606,0.0298761225557682
0.0,-6.879979,0.0298761225557682
0.0,-6.886077,0.0298761225557682
0.0,-6.823337,0.0298761225557682
0.0,-6.716478,0.0298761225557682
0.0,-6.7773914,0.0298761225557682
0.0,-6.8032923,0.0298761225557682
0.0,-6.82142,0.0298761225557682
0.0,-6.793565,0.0298761225557682
0.0,-6.854986,0.0298761225557682
0.0,-6.717236,0.0298761225557682
0.0,-6.718495,0.0298761225557682
0.0,-6.86823,0.0298761225557682
0.0,-6.813349,0.0298761225557682
0.0,-6.7342863,0.0298761225557682
0.0,-6.8300676,0.0298761225557682
0.0,-6.8478847,0.0298761225557682
0.0,-6.82057,0.0298761225557682
0.0,-6.722672,0.0298761225557682
0.0,-6.7942142,0.0298761225557682
0.0,-6.7954597,0.0298761225557682
0.0,-6.850148,0.0298761225557682
0.0,-6.7156696,0.0298761225557682
0.0,-6.763544,0.0298761225557682
0.0,-6.7936587,0.0298761225557682
0.0,-6.7343616,0.0298761225557682
0.0,-6.8413997,0.0298761225557682
0.0,-6.7327476,0.0298761225557682
0.0,-6.750052,0.0298761225557682
0.0,-6.8480673,0.0298761225557682
0.0,-6.885191,0.0298761225557682
0.0,-6.7469597,0.0298761225557682
0.0,-6.8792176,0.0298761225557682
0.0,-6.723454,0.0298761225557682
0.0,-6.853647,0.0298761225557682
0.0,-6.8726683,0.0298761225557682
0.0,-6.7654705,0.0298761225557682
0.0,-6.8840313,0.0298761225557682
0.0,-6.7483044,0.0298761225557682
0.0,-6.810782,0.0298761225557682
0.0,-6.84088,0.0298761225557682
0.0,-6.7296886,0.0298761225557682
0.0,-6.7376494,0.0298761225557682
0.0,-6.7786703,0.0298761225557682
0.0,-6.8009377,0.0298761225557682
0.0,-6.8414154,0.0298761225557682
0.0,-6.7951584,0.0298761225557682
0.0,-6.866165,0.0298761225557682
0.0,-6.7242694,0.0298761225557682
0.0,-6.7955074,0.0298761225557682
0.0,-6.808455,0.0298761225557682
0.0,-6.747389,0.0298761225557682
0.0,-6.8851233,0.0298761225557682
0.0,-6.866331,0.0298761225557682
0.0,-6.8692183,0.0298761225557682
0.0,-6.7810383,0.0298761225557682
0.0,-6.833433,0.0298761225557682
0.0,-6.7650166,0.0298761225557682
0.0,-6.7233334,0.0298761225557682
0.0,-6.864785,0.0298761225557682
0.0,-6.8055763,0.0298761225557682
0.0,-6.806147,0.0298761225557682
0.0,-6.747129,0.0298761225557682
0.0,-6.7385316,0.0298761225557682
0.0,-6.847837,0.0298761225557682
0.0,-6.858424,0.0298761225557682
0.0,-6.722889,0.0298761225557682
0.0,-6.75591,0.0298761225557682
0.0,-6.787336,0.0298761225557682
0.0,-6.733631,0.0298761225557682
0.0,-6.804843,0.0298761225557682
0.0,-6.8102303,0.0298761225557682
0.0,-6.8782196,0.0298761225557682
0.0,-6.7857113,0.0298761225557682
0.0,-6.842556,0.0298761225557682
0.0,-6.8642483,0.0298761225557682
0.0,-6.7672896,0.0298761225557682
0.0,-6.7731643,0.0298761225557682
0.0,-6.762793,0.0298761225557682
0.0,-6.80429,0.0298761225557682
0.0,-6.7992306,0.0298761225557682
0.0,-6.871054,0.0298761225557682
0.0,-6.8806973,0.0298761225557682
0.0,-6.861336,0.0298761225557682
0.0,-6.8493414,0.0298761225557682
0.0,-6.817211,0.0298761225557682
0.0,-6.8610134,0.0298761225557682
0.0,-6.752231,0.0298761225557682
0.0,-6.7147245,0.0298761225557682
0.0,-6.7626,0.0298761225557682
0.0,-6.8663692,0.0298761225557682
0.0,-6.873827,0.0298761225557682
0.0,-6.8756223,0.0298761225557682
0.0,-6.726024,0.0298761225557682
0.0,-6.8780756,0.0298761225557682
0.0,-6.877886,0.0298761225557682
0.0,-6.8080974,0.0298761225557682
0.0,-6.7142653,0.0298761225557682
0.0,-6.746873,0.0298761225557682
0.0,-6.730473,0.0298761225557682
0.0,-6.8543124,0.0298761225557682
0.0,-6.8486557,0.0298761225557682
0.0,-6.849371,0.0298761225557682
0.0,-6.808388,0.0298761225557682
0.0,-6.856284,0.0298761225557682
0.0,-6.7909217,0.0298761225557682
0.0,-6.7970743,0.0298761225557682
0.0,-6.885105,0.0298761225557682
0.0,-6.7467546,0.0298761225557682
0.0,-6.7655134,0.0298761225557682
0.0,-6.816696,0.0298761225557682
0.0,-6.8476143,0.0298761225557682
0.0,-6.7743015,0.0298761225557682
0.0,-6.8505535,0.0298761225557682
0.0,-6.759317,0.0298761225557682
0.0,-6.8003893,0.0298761225557682
0.0,-6.743543,0.0298761225557682
0.0,-6.8822837,0.0298761225557682
0.0,-6.8746614,0.0298761225557682
0.0,-6.7161655,0.0298761225557682
0.0,-6.739455,0.0298761225557682
0.0,-6.847439,0.0298761225557682
0.0,-6.75133,0.0298761225557682
0.0,-6.809291,0.0298761225557682
0.0,-6.796131,0.0298761225557682
0.0,-6.8489003,0.0298761225557682
0.0,-6.7761207,0.0298761225557682
0.0,-6.7161584,0.0298761225557682
0.0,-6.7628775,0.0298761225557682
0.0,-6.83275,0.0298761225557682
0.0,-6.7756915,0.0298761225557682
0.0,-6.807989,0.0298761225557682
0.0,-6.79582,0.0298761225557682
0.0,-6.826172,0.0298761225557682
0.0,-6.7569265,0.0298761225557682
0.0,-6.839944,0.0298761225557682
0.0,-6.834638,0.0298761225557682
0.0,-6.757039,0.0298761225557682
0.0,-6.7474546,0.0298761225557682
0.0,-6.82938,0.0298761225557682
0.0,-6.798812,0.0298761225557682
0.0,-6.866348,0.0298761225557682
0.0,-6.864524,0.0298761225557682
0.0,-6.801405,0.0298761225557682
0.0,-6.78777,0.0298761225557682
0.0,-6.786598,0.0298761225557682
0.0,-6.7866945,0.0298761225557682
0.0,-6.8549657,0.0298761225557682
0.0,-6.7161884,0.0298761225557682
0.0,-6.8824315,0.0298761225557682
0.0,-6.8440413,0.0298761225557682
0.0,-6.790056,0.0298761225557682
0.0,-6.7142463,0.0298761225557682
0.0,-6.7819204,0.0298761225557682
0.0,-6.7629075,0.0298761225557682
0.0,-6.8547735,0.0298761225557682
0.0,-6.8357778,0.0298761225557682
0.0,-6.8823156,0.0298761225557682
0.0,-6.8177867,0.0298761225557682
0.0,-6.805966,0.0298761225557682
0.0,-6.824839,0.0298761225557682
0.0,-6.775175,0.0298761225557682
0.0,-6.8216634,0.0298761225557682
0.0,-6.755251,0.0298761225557682
0.0,-6.76435,0.0298761225557682
0.0,-6.795671,0.0298761225557682
0.0,-6.74042,0.0298761225557682
0.0,-6.8475285,0.0298761225557682
0.0,-6.8630934,0.0298761225557682
0.0,-6.8338943,0.0298761225557682
0.0,-6.722777,0.0298761225557682
0.0,-6.757636,0.0298761225557682
0.0,-6.8268833,0.0298761225557682
0.0,-6.7879763,0.0298761225557682
0.0,-6.7584753,0.0298761225557682
0.0,-6.837572,0.0298761225557682
0.0,-6.736106,0.0298761225557682
0.0,-6.817938,0.0298761225557682
0.0,-6.8186226,0.0298761225557682
0.0,-6.8599224,0.0298761225557682
0.0,-6.8603897,0.0298761225557682
0.0,-6.790974,0.0298761225557682
0.0,-6.800541,0.0298761225557682
0.0,-6.7169094,0.0298761225557682
0.0,-6.871023,0.0298761225557682
0.0,-6.713934,0.0298761225557682
0.0,-6.8078413,0.0298761225557682
0.0,-6.721287,0.0298761225557682
0.0,-6.8198037,0.0298761225557682
0.0,-6.8474364,0.0298761225557682
0.0,-6.7619395,0.0298761225557682
0.0,-6.759199,0.0298761225557682
0.0,-6.74677,0.0298761225557682
0.0,-6.8609524,0.0298761225557682
0.0,-6.7831087,0.0298761225557682
0.0,-6.778705,0.0298761225557682
0.0,-6.736864,0.0298761225557682
0.0,-6.731306,0.0298761225557682
0.0,-6.817564,0.0298761225557682
0.0,-6.7234993,0.0298761225557682
0.0,-6.7246428,0.0298761225557682
0.0,-6.8132725,0.0298761225557682
0.0,-6.7638597,0.0298761225557682
0.0,-6.7499075,0.0298761225557682
0.0,-6.865628,0.0298761225557682
0.0,-6.8650827,0.0298761225557682
0.0,-6.8343973,0.0298761225557682
0.0,-6.722486,0.0298761225557682
0.0,-6.7779803,0.0298761225557682
0.0,-6.7860627,0.0298761225557682
0.0,-6.7955065,0.0298761225557682
0.0,-6.770878,0.0298761225557682
0.0,-6.805563,0.0298761225557682
0.0,-6.809636,0.0298761225557682
0.0,-6.8568707,0.0298761225557682
0.0,-6.814743,0.0298761225557682
0.0,-6.882031,0.0298761225557682
0.0,-6.7603874,0.0298761225557682
0.0,-6.7794538,0.0298761225557682
0.0,-6.8283105,0.0298761225557682
0.0,-6.7258396,0.0298761225557682
0.0,-6.7679224,0.0298761225557682
0.0,-6.862401,0.0298761225557682
0.0,-6.83465,0.0298761225557682
0.0,-6.857269,0.0298761225557682
0.0,-6.7493725,0.0298761225557682
0.0,-6.7361665,0.0298761225557682
0.0,-6.8334413,0.0298761225557682
0.0,-6.870469,0.0298761225557682
0.0,-6.796036,0.0298761225557682
0.0,-6.8794928,0.0298761225557682
0.0,-6.818285,0.0298761225557682
0.0,-6.780592,0.0298761225557682
0.0,-6.762866,0.0298761225557682
0.0,-6.847775,0.0298761225557682
0.0,-6.7715955,0.0298761225557682
0.0,-6.837404,0.0298761225557682
0.0,-6.7322707,0.0298761225557682
0.0,-6.832756,0.0298761225557682
0.0,-6.7224083,0.0298761225557682
0.0,-6.731019,0.0298761225557682
0.0,-6.73368,0.0298761225557682
0.0,-6.8730426,0.0298761225557682
0.0,-6.7521324,0.0298761225557682
0.0,-6.78069,0.0298761225557682
0.0,-6.838766,0.0298761225557682
0.0,-6.8566475,0.0298761225557682
0.0,-6.7919397,0.0298761225557682
0.0,-6.7705584,0.0298761225557682
0.0,-6.7514076,0.0298761225557682
0.0,-6.8278036,0.0298761225557682
0.0,-6.7320967,0.0298761225557682
0.0,-6.760949,0.0298761225557682
0.0,-6.834502,0.0298761225557682
0.0,-6.857319,0.0298761225557682
0.0,-6.793902,0.0298761225557682
0.0,-6.8858314,0.0298761225557682
0.0,-6.882025,0.0298761225557682
0.0,-6.7696037,0.0298761225557682
0.0,-6.8141675,0.0298761225557682
0.0,-6.827283,0.0298761225557682
0.0,-6.7402124,0.0298761225557682
0.0,-6.7584634,0.0298761225557682
0.0,-6.8036103,0.0298761225557682
0.0,-6.858268,0.0298761225557682
0.0,-6.8151236,0.0298761225557682
0.0,-6.8097687,0.0298761225557682
0.0,-6.790619,0.0298761225557682
0.0,-6.7750907,0.0298761225557682
0.0,-6.7873645,0.0298761225557682
0.0,-6.7639613,0.0298761225557682
0.0,-6.863706,0.0298761225557682
0.0,-6.835556,0.0298761225557682
0.0,-6.8331265,0.0298761225557682
0.0,-6.731797,0.0298761225557682
0.0,-6.855689,0.0298761225557682
0.0,-6.794034,0.0298761225557682
0.0,-6.7714977,0.0298761225557682
0.0,-6.745715,0.0298761225557682
0.0,-6.7862663,0.0298761225557682
0.0,-6.84819,0.0298761225557682
0.0,-6.7655897,0.0298761225557682
0.0,-6.821196,0.0298761225557682
0.0,-6.8341503,0.0298761225557682
0.0,-6.739506,0.0298761225557682
0.0,-6.732447,0.0298761225557682
0.0,-6.71319,0.0298761225557682
0.0,-6.7364907,0.0298761225557682
0.0,-6.7953563,0.0298761225557682
0.0,-6.788474,0.0298761225557682
0.0,-6.8615484,0.0298761225557682
0.0,-6.7653275,0.0298761225557682
0.0,-6.801927,0.0298761225557682
0.0,-6.8009853,0.0298761225557682
0.0,-6.756073,0.0298761225557682
0.0,-6.742027,0.0298761225557682
0.0,-6.885229,0.0298761225557682
0.0,-6.8430305,0.0298761225557682
0.0,-6.727334,0.0298761225557682
0.0,-6.814604,0.0298761225557682
0.0,-6.8022513,0.0298761225557682
0.0,-6.845666,0.0298761225557682
0.0,-6.8183746,0.0298761225557682
0.0,-6.827185,0.0298761225557682
0.0,-6.772063,0.0298761225557682
0.0,-6.880424,0.0298761225557682
0.0,-6.783986,0.0298761225557682
0.0,-6.8630514,0.0298761225557682
0.0,-6.7922173,0.0298761225557682
0.0,-6.821309,0.0298761225557682
0.0,-6.8094454,0.0298761225557682
0.0,-6.7458963,0.0298761225557682
0.0,-6.7878723,0.0298761225557682
0.0,-6.8232346,0.0298761225557682
0.0,-6.7988014,0.0298761225557682
0.0,-6.8038583,0.0298761225557682
0.0,-6.81592,0.0298761225557682
0.0,-6.7227507,0.0298761225557682
0.0,-6.715084,0.0298761225557682
0.0,-6.8391094,0.0298761225557682
0.0,-6.7536964,0.0298761225557682
0.0,-6.8336573,0.0298761225557682
0.0,-6.873102,0.0298761225557682
0.0,-6.8820753,0.0298761225557682
0.0,-6.845858,0.0298761225557682
0.0,-6.715502,0.0298761225557682
0.0,-6.794834,0.0298761225557682
0.0,-6.87994,0.0298761225557682
0.0,-6.8505955,0.0298761225557682
0.0,-6.771289,0.0298761225557682
0.0,-6.7307115,0.0298761225557682
0.0,-6.798296,0.0298761225557682
0.0,-6.8837833,0.0298761225557682
0.0,-6.733493,0.0298761225557682
0.0,-6.828594,0.0298761225557682
0.0,-6.7361712,0.0298761225557682
0.0,-6.714916,0.0298761225557682
0.0,-6.8664274,0.0298761225557682
0.0,-6.821471,0.0298761225557682
0.0,-6.7829075,0.0298761225557682
0.0,-6.7966566,0.0298761225557682
0.0,-6.78401,0.0298761225557682
0.0,-6.753893,0.0298761225557682
0.0,-6.8603516,0.0298761225557682
0.0,-6.8849554,0.0298761225557682
0.0,-6.818384,0.0298761225557682
0.0,-6.8357315,0.0298761225557682
0.0,-6.730891,0.0298761225557682
0.0,-6.7541847,0.0298761225557682
0.0,-6.7627,0.0298761225557682
0.0,-6.8014374,0.0298761225557682
0.0,-6.736788,0.0298761225557682
0.0,-6.7654886,0.0298761225557682
0.0,-6.8205633,0.0298761225557682
0.0,-6.7206454,0.0298761225557682
0.0,-6.8120966,0.0298761225557682
0.0,-6.712862,0.0298761225557682
0.0,-6.8187428,0.0298761225557682
0.0,-6.8537855,0.0298761225557682
0.0,-6.8162513,0.0298761225557682
0.0,-6.736152,0.0298761225557682
0.0,-6.8772745,0.0298761225557682
0.0,-6.8025827,0.0298761225557682
0.0,-6.8638945,0.0298761225557682
0.0,-6.7702627,0.0298761225557682
0.0,-6.8647966,0.0298761225557682
0.0,-6.8705654,0.0298761225557682
0.0,-6.765541,0.0298761225557682
0.0,-6.7188454,0.0298761225557682
0.0,-6.7231216,0.0298761225557682
0.0,-6.8230762,0.0298761225557682
0.0,-6.7998466,0.0298761225557682
0.0,-6.780741,0.0298761225557682
0.0,-6.783328,0.0298761225557682
0.0,-6.807375,0.0298761225557682
0.0,-6.780739,0.0298761225557682
0.0,-6.876414,0.0298761225557682
0.0,-6.8546953,0.0298761225557682
0.0,-6.850234,0.0298761225557682
0.0,-6.8278694,0.0298761225557682
0.0,-6.723149,0.0298761225557682
0.0,-6.7470083,0.0298761225557682
0.0,-6.78475,0.0298761225557682
0.0,-6.7462134,0.0298761225557682
0.0,-6.795361,0.0298761225557682
0.0,-6.767516,0.0298761225557682
0.0,-6.789507,0.0298761225557682
0.0,-6.734202,0.0298761225557682
0.0,-6.799823,0.0298761225557682
0.0,-6.7437944,0.0298761225557682
0.0,-6.7474174,0.0298761225557682
0.0,-6.8163166,0.0298761225557682
0.0,-6.7468367,0.0298761225557682
0.0,-6.7594566,0.0298761225557682
0.0,-6.815932,0.0298761225557682
0.0,-6.7136264,0.0298761225557682
0.0,-6.825621,0.0298761225557682
0.0,-6.849704,0.0298761225557682
0.0,-6.8486633,0.0298761225557682
0.0,-6.796646,0.0298761225557682
0.0,-6.849928,0.0298761225557682
0.0,-6.847832,0.0298761225557682
0.0,-6.7629933,0.0298761225557682
0.0,-6.787525,0.0298761225557682
0.0,-6.767652,0.0298761225557682
0.0,-6.7791724,0.0298761225557682
0.0,-6.717602,0.0298761225557682
0.0,-6.775955,0.0298761225557682
0.0,-6.7770076,0.0298761225557682
0.0,-6.7794657,0.0298761225557682
0.0,-6.822337,0.0298761225557682
0.0,-6.7723265,0.0298761225557682
0.0,-6.8036985,0.0298761225557682
0.0,-6.850984,0.0298761225557682
0.0,-6.7744613,0.0298761225557682
0.0,-6.8013477,0.0298761225557682
0.0,-6.801858,0.0298761225557682
0.0,-6.777351,0.0298761225557682
0.0,-6.790471,0.0298761225557682
0.0,-6.7410793,0.0298761225557682
0.0,-6.7713556,0.0298761225557682
0.0,-6.8527946,0.0298761225557682
0.0,-6.858635,0.0298761225557682
0.0,-6.7952657,0.0298761225557682
0.0,-6.8240824,0.0298761225557682
0.0,-6.8471646,0.0298761225557682
0.0,-6.8814898,0.0298761225557682
0.0,-6.8685174,0.0298761225557682
0.0,-6.8489623,0.0298761225557682
0.0,-6.7907953,0.0298761225557682
0.0,-6.789016,0.0298761225557682
0.0,-6.750157,0.0298761225557682
0.0,-6.7337275,0.0298761225557682
0.0,-6.7738843,0.0298761225557682
0.0,-6.8735037,0.0298761225557682
0.0,-6.716311,0.0298761225557682
0.0,-6.84044,0.0298761225557682
0.0,-6.865251,0.0298761225557682
0.0,-6.7867813,0.0298761225557682
0.0,-6.8120136,0.0298761225557682
0.0,-6.803093,0.0298761225557682
0.0,-6.781926,0.0298761225557682
0.0,-6.7467127,0.0298761225557682
0.0,-6.744982,0.0298761225557682
0.0,-6.7637634,0.0298761225557682
0.0,-6.7707777,0.0298761225557682
0.0,-6.885264,0.0298761225557682
0.0,-6.809776,0.0298761225557682
0.0,-6.8518972,0.0298761225557682
0.0,-6.743432,0.0298761225557682
0.0,-6.847651,0.0298761225557682
0.0,-6.74086,0.0298761225557682
0.0,-6.764702,0.0298761225557682
0.0,-6.771964,0.0298761225557682
0.0,-6.828233,0.0298761225557682
0.0,-6.715522,0.0298761225557682
0.0,-6.824156,0.0298761225557682
0.0,-6.7181015,0.0298761225557682
0.0,-6.82683,0.0298761225557682
0.0,-6.781435,0.0298761225557682
0.0,-6.841476,0.0298761225557682
0.0,-6.8230305,0.0298761225557682
0.0,-6.8094826,0.0298761225557682
0.0,-6.875012,0.0298761225557682
0.0,-6.8219414,0.0298761225557682
0.0,-6.7725563,0.0298761225557682
0.0,-6.8794403,0.0298761225557682
0.0,-6.791621,0.0298761225557682
0.0,-6.750227,0.0298761225557682
0.0,-6.855893,0.0298761225557682
0.0,-6.718793,0.0298761225557682
0.0,-6.8055477,0.0298761225557682
0.0,-6.76478,0.0298761225557682
0.0,-6.7490187,0.0298761225557682
0.0,-6.8834743,0.0298761225557682
0.0,-6.733075,0.0298761225557682
0.0,-6.822939,0.0298761225557682
0.0,-6.831937,0.0298761225557682
0.0,-6.836381,0.0298761225557682
0.0,-6.7935467,0.0298761225557682
0.0,-6.7638025,0.0298761225557682
0.0,-6.736839,0.0298761225557682
0.0,-6.7269683,0.0298761225557682
0.0,-6.768987,0.0298761225557682
0.0,-6.7935143,0.0298761225557682
0.0,-6.8141356,0.0298761225557682
0.0,-6.769332,0.0298761225557682
0.0,-6.8638587,0.0298761225557682
0.0,-6.845421,0.0298761225557682
0.0,-6.780162,0.0298761225557682
0.0,-6.7281294,0.0298761225557682
0.0,-6.763383,0.0298761225557682
0.0,-6.8447933,0.0298761225557682
0.0,-6.7680492,0.0298761225557682
0.0,-6.8506217,0.0298761225557682
0.0,-6.7698584,0.0298761225557682
0.0,-6.816325,0.0298761225557682
0.0,-6.8214025,0.0298761225557682
0.0,-6.8170633,0.0298761225557682
0.0,-6.8837667,0.0298761225557682
0.0,-6.823311,0.0298761225557682
0.0,-6.77003,0.0298761225557682
0.0,-6.8262386,0.0298761225557682
0.0,-6.7659736,0.0298761225557682
0.0,-6.7161903,0.0298761225557682
0.0,-6.8696203,0.0298761225557682
0.0,-6.821687,0.0298761225557682
0.0,-6.777587,0.0298761225557682
0.0,-6.879816,0.0298761225557682
0.0,-6.8248677,0.0298761225557682
0.0,-6.7159486,0.0298761225557682
0.0,-6.789875,0.0298761225557682
0.0,-6.795946,0.0298761225557682
0.0,-6.73054,0.0298761225557682
0.0,-6.865852,0.0298761225557682
0.0,-6.8346214,0.0298761225557682
0.0,-6.8292212,0.0298761225557682
0.0,-6.8082285,0.0298761225557682
0.0,-6.860963,0.0298761225557682
0.0,-6.7200494,0.0298761225557682
0.0,-6.79865,0.0298761225557682
0.0,-6.8119073,0.0298761225557682
0.0,-6.8148494,0.0298761225557682
0.0,-6.820326,0.0298761225557682
0.0,-6.7329264,0.0298761225557682
0.0,-6.835637,0.0298761225557682
0.0,-6.8459044,0.0298761225557682
0.0,-6.869931,0.0298761225557682
0.0,-6.760478,0.0298761225557682
0.0,-6.8532476,0.0298761225557682
0.0,-6.853621,0.0298761225557682
0.0,-6.842561,0.0298761225557682
0.0,-6.8457737,0.0298761225557682
0.0,-6.868241,0.0298761225557682
0.0,-6.7449093,0.0298761225557682
0.0,-6.7559204,0.0298761225557682
0.0,-6.8369937,0.0298761225557682
0.0,-6.777506,0.0298761225557682
0.0,-6.7923236,0.0298761225557682
0.0,-6.842265,0.0298761225557682
0.0,-6.7313347,0.0298761225557682
0.0,-6.848135,0.0298761225557682
0.0,-6.862525,0.0298761225557682
0.0,-6.825359,0.0298761225557682
0.0,-6.8080673,0.0298761225557682
0.0,-6.82075,0.0298761225557682
0.0,-6.878402,0.0298761225557682
0.0,-6.8021145,0.0298761225557682
0.0,-6.835637,0.0298761225557682
0.0,-6.733134,0.0298761225557682
0.0,-6.788852,0.0298761225557682
0.0,-6.8726707,0.0298761225557682
0.0,-6.761136,0.0298761225557682
0.0,-6.838789,0.0298761225557682
0.0,-6.8488417,0.0298761225557682
0.0,-6.873721,0.0298761225557682
0.0,-6.8802776,0.0298761225557682
0.0,-6.7318153,0.0298761225557682
0.0,-6.830199,0.0298761225557682
0.0,-6.7436624,0.0298761225557682
0.0,-6.877364,0.0298761225557682
0.0,-6.859331,0.0298761225557682
0.0,-6.7834544,0.0298761225557682
0.0,-6.864977,0.0298761225557682
0.0,-6.7384505,0.0298761225557682
0.0,-6.810689,0.0298761225557682
0.0,-6.8623724,0.0298761225557682
0.0,-6.8284273,0.0298761225557682
0.0,-6.8046656,0.0298761225557682
0.0,-6.7408204,0.0298761225557682
0.0,-6.7231774,0.0298761225557682
0.0,-6.8074894,0.0298761225557682
0.0,-6.779392,0.0298761225557682
0.0,-6.7790055,0.0298761225557682
0.0,-6.871059,0.0298761225557682
0.0,-6.809064,0.0298761225557682
0.0,-6.7864966,0.0298761225557682
0.0,-6.8669567,0.0298761225557682
0.0,-6.7695737,0.0298761225557682
0.0,-6.7556405,0.0298761225557682
0.0,-6.7338753,0.0298761225557682
0.0,-6.7889223,0.0298761225557682
0.0,-6.802596,0.0298761225557682
0.0,-6.7821336,0.0298761225557682
0.0,-6.7447243,0.0298761225557682
0.0,-6.8569636,0.0298761225557682
0.0,-6.7159557,0.0298761225557682
0.0,-6.822524,0.0298761225557682
0.0,-6.81219,0.0298761225557682
0.0,-6.851411,0.0298761225557682
0.0,-6.720488,0.0298761225557682
0.0,-6.747917,0.0298761225557682
0.0,-6.866648,0.0298761225557682
0.0,-6.7749205,0.0298761225557682
0.0,-6.771574,0.0298761225557682
0.0,-6.8479023,0.0298761225557682
0.0,-6.716481,0.0298761225557682
0.0,-6.7983484,0.0298761225557682
0.0,-6.8224325,0.0298761225557682
0.0,-6.8180523,0.0298761225557682
0.0,-6.8096137,0.0298761225557682
0.0,-6.80519,0.0298761225557682
0.0,-6.812074,0.0298761225557682
0.0,-6.731875,0.0298761225557682
0.0,-6.755904,0.0298761225557682
0.0,-6.8506193,0.0298761225557682
0.0,-6.8695307,0.0298761225557682
0.0,-6.7182064,0.0298761225557682
0.0,-6.870575,0.0298761225557682
0.0,-6.738796,0.0298761225557682
0.0,-6.8644915,0.0298761225557682
0.0,-6.7601404,0.0298761225557682
0.0,-6.817342,0.0298761225557682
0.0,-6.801919,0.0298761225557682
0.0,-6.722559,0.0298761225557682
0.0,-6.7143297,0.0298761225557682
0.0,-6.7902718,0.0298761225557682
0.0,-6.7254534,0.0298761225557682
0.0,-6.7421484,0.0298761225557682
0.0,-6.8256807,0.0298761225557682
0.0,-6.807761,0.0298761225557682
0.0,-6.8195286,0.0298761225557682
0.0,-6.882848,0.0298761225557682
0.0,-6.726966,0.0298761225557682
0.0,-6.749407,0.0298761225557682
0.0,-6.713555,0.0298761225557682
0.0,-6.7212987,0.0298761225557682
0.0,-6.866149,0.0298761225557682
0.0,-6.7824373,0.0298761225557682
0.0,-6.847638,0.0298761225557682
0.0,-6.773324,0.0298761225557682
0.0,-6.884041,0.0298761225557682
0.0,-6.7318354,0.0298761225557682
0.0,-6.8575897,0.0298761225557682
0.0,-6.871972,0.0298761225557682
0.0,-6.87366,0.0298761225557682
0.0,-6.8013644,0.0298761225557682
0.0,-6.862352,0.0298761225557682
0.0,-6.797726,0.0298761225557682
0.0,-6.7651916,0.0298761225557682
0.0,-6.8101525,0.0298761225557682
0.0,-6.746018,0.0298761225557682
0.0,-6.7165527,0.0298761225557682
0.0,-6.797185,0.0298761225557682
0.0,-6.8119717,0.0298761225557682
0.0,-6.8199778,0.0298761225557682
0.0,-6.7532563,0.0298761225557682
0.0,-6.7852616,0.0298761225557682
0.0,-6.851426,0.0298761225557682
0.0,-6.8417835,0.0298761225557682
0.0,-6.8653536,0.0298761225557682
0.0,-6.8362007,0.0298761225557682
0.0,-6.852317,0.0298761225557682
0.0,-6.807461,0.0298761225557682
0.0,-6.8458366,0.0298761225557682
0.0,-6.7350445,0.0298761225557682
0.0,-6.85251,0.0298761225557682
0.0,-6.8227077,0.0298761225557682
0.0,-6.7886376,0.0298761225557682
0.0,-6.8520427,0.0298761225557682
0.0,-6.7740974,0.0298761225557682
0.0,-6.714362,0.0298761225557682
0.0,-6.87407,0.0298761225557682
0.0,-6.725762,0.0298761225557682
0.0,-6.8765807,0.0298761225557682
0.0,-6.779282,0.0298761225557682
0.0,-6.801846,0.0298761225557682
0.0,-6.8722067,0.0298761225557682
0.0,-6.8175707,0.0298761225557682
0.0,-6.878586,0.0298761225557682
0.0,-6.784116,0.0298761225557682
0.0,-6.8622503,0.0298761225557682
0.0,-6.768019,0.0298761225557682
0.0,-6.81726,0.0298761225557682
0.0,-6.7222905,0.0298761225557682
0.0,-6.862482,0.0298761225557682
0.0,-6.7607546,0.0298761225557682
0.0,-6.7850137,0.0298761225557682
0.0,-6.8466578,0.0298761225557682
0.0,-6.822946,0.0298761225557682
0.0,-6.8093634,0.0298761225557682
0.0,-6.755024,0.0298761225557682
0.0,-6.7403746,0.0298761225557682
0.0,-6.773525,0.0298761225557682
0.0,-6.798656,0.0298761225557682
0.0,-6.8673267,0.0298761225557682
0.0,-6.7902493,0.0298761225557682
0.0,-6.8428526,0.0298761225557682
0.0,-6.7359962,0.0298761225557682
0.0,-6.787487,0.0298761225557682
0.0,-6.7667723,0.0298761225557682
0.0,-6.869192,0.0298761225557682
0.0,-6.80568,0.0298761225557682
0.0,-6.786511,0.0298761225557682
0.0,-6.879915,0.0298761225557682
0.0,-6.762105,0.0298761225557682
0.0,-6.727848,0.0298761225557682
0.0,-6.8051624,0.0298761225557682
0.0,-6.857834,0.0298761225557682
0.0,-6.8508577,0.0298761225557682
0.0,-6.8354964,0.0298761225557682
0.0,-6.776123,0.0298761225557682
0.0,-6.882837,0.0298761225557682
0.0,-6.723478,0.0298761225557682
0.0,-6.7632556,0.0298761225557682
0.0,-6.7526627,0.0298761225557682
0.0,-6.8422747,0.0298761225557682
0.0,-6.8786407,0.0298761225557682
0.0,-6.7525673,0.0298761225557682
0.0,-6.792177,0.0298761225557682
0.0,-6.8664455,0.0298761225557682
0.0,-6.748495,0.0298761225557682
0.0,-6.726897,0.0298761225557682
0.0,-6.793605,0.0298761225557682
0.0,-6.8415785,0.0298761225557682
0.0,-6.8145156,0.0298761225557682
0.0,-6.7630696,0.0298761225557682
0.0,-6.7256746,0.0298761225557682
0.0,-6.751621,0.0298761225557682
0.0,-6.8439627,0.0298761225557682
0.0,-6.8019905,0.0298761225557682
0.0,-6.796776,0.0298761225557682
0.0,-6.792729,0.0298761225557682
0.0,-6.740041,0.0298761225557682
0.0,-6.738653,0.0298761225557682
0.0,-6.758373,0.0298761225557682
0.0,-6.8443594,0.0298761225557682
0.0,-6.8770256,0.0298761225557682
0.0,-6.781827,0.0298761225557682
0.0,-6.8807316,0.0298761225557682
0.0,-6.8231583,0.0298761225557682
0.0,-6.8814254,0.0298761225557682
0.0,-6.8357553,0.0298761225557682
0.0,-6.8053246,0.0298761225557682
0.0,-6.8320274,0.0298761225557682
0.0,-6.775255,0.0298761225557682
0.0,-6.723114,0.0298761225557682
0.0,-6.8288994,0.0298761225557682
0.0,-6.82055,0.0298761225557682
0.0,-6.7881417,0.0298761225557682
0.0,-6.87726,0.0298761225557682
0.0,-6.867552,0.0298761225557682
0.0,-6.8034363,0.0298761225557682
0.0,-6.7455063,0.0298761225557682
0.0,-6.8837833,0.0298761225557682
0.0,-6.735421,0.0298761225557682
0.0,-6.793293,0.0298761225557682
0.0,-6.751578,0.0298761225557682
0.0,-6.7242155,0.0298761225557682
0.0,-6.822722,0.0298761225557682
0.0,-6.723037,0.0298761225557682
0.0,-6.767317,0.0298761225557682
0.0,-6.862538,0.0298761225557682
0.0,-6.8478894,0.0298761225557682
0.0,-6.788504,0.0298761225557682
0.0,-6.7918596,0.0298761225557682
0.0,-6.74889,0.0298761225557682
0.0,-6.7783856,0.0298761225557682
0.0,-6.825057,0.0298761225557682
0.0,-6.714678,0.0298761225557682
0.0,-6.723547,0.0298761225557682
0.0,-6.8002105,0.0298761225557682
0.0,-6.865039,0.0298761225557682
0.0,-6.7761517,0.0298761225557682
0.0,-6.8219557,0.0298761225557682
0.0,-6.765852,0.0298761225557682
0.0,-6.8125925,0.0298761225557682
0.0,-6.8628407,0.0298761225557682
0.0,-6.854416,0.0298761225557682
0.0,-6.8585515,0.0298761225557682
0.0,-6.774621,0.0298761225557682
0.0,-6.8087997,0.0298761225557682
0.0,-6.8058586,0.0298761225557682
0.0,-6.812525,0.0298761225557682
0.0,-6.8808675,0.0298761225557682
0.0,-6.8811836,0.0298761225557682
0.0,-6.7956185,0.0298761225557682
0.0,-6.832621,0.0298761225557682
0.0,-6.7387104,0.0298761225557682
0.0,-6.719471,0.0298761225557682
0.0,-6.817499,0.0298761225557682
0.0,-6.8363047,0.0298761225557682
0.0,-6.7897487,0.0298761225557682
0.0,-6.75552,0.0298761225557682
0.0,-6.7673635,0.0298761225557682
0.0,-6.8003774,0.0298761225557682
0.0,-6.7302027,0.0298761225557682
0.0,-6.7311993,0.0298761225557682
0.0,-6.757885,0.0298761225557682
0.0,-6.8715105,0.0298761225557682
0.0,-6.8072057,0.0298761225557682
0.0,-6.865402,0.0298761225557682
0.0,-6.810917,0.0298761225557682
0.0,-6.8211985,0.0298761225557682
0.0,-6.7274594,0.0298761225557682
0.0,-6.790087,0.0298761225557682
0.0,-6.873641,0.0298761225557682
0.0,-6.7542195,0.0298761225557682
0.0,-6.826001,0.0298761225557682
0.0,-6.8094063,0.0298761225557682
0.0,-6.837081,0.0298761225557682
0.0,-6.7430997,0.0298761225557682
0.0,-6.7770634,0.0298761225557682
0.0,-6.7742968,0.0298761225557682
0.0,-6.7159653,0.0298761225557682
0.0,-6.718087,0.0298761225557682
0.0,-6.7821026,0.0298761225557682
0.0,-6.8492866,0.0298761225557682
0.0,-6.775675,0.0298761225557682
0.0,-6.845523,0.0298761225557682
0.0,-6.7544866,0.0298761225557682
0.0,-6.8539166,0.0298761225557682
0.0,-6.7939973,0.0298761225557682
0.0,-6.7217445,0.0298761225557682
0.0,-6.801901,0.0298761225557682
0.0,-6.8546543,0.0298761225557682
0.0,-6.7459116,0.0298761225557682
0.0,-6.8700767,0.0298761225557682
0.0,-6.77258,0.0298761225557682
0.0,-6.7780066,0.0298761225557682
0.0,-6.838963,0.0298761225557682
0.0,-6.7919564,0.0298761225557682
0.0,-6.8078365,0.0298761225557682
0.0,-6.7786264,0.0298761225557682
0.0,-6.7420626,0.0298761225557682
0.0,-6.7250023,0.0298761225557682
0.0,-6.8487883,0.0298761225557682
0.0,-6.7160487,0.0298761225557682
0.0,-6.87323,0.0298761225557682
0.0,-6.7307568,0.0298761225557682
0.0,-6.8442655,0.0298761225557682
0.0,-6.745802,0.0298761225557682
0.0,-6.7759905,0.0298761225557682
0.0,-6.736443,0.0298761225557682
0.0,-6.7913985,0.0298761225557682
0.0,-6.7600536,0.0298761225557682
0.0,-6.877103,0.0298761225557682
0.0,-6.747484,0.0298761225557682
0.0,-6.8787837,0.0298761225557682
0.0,-6.7401624,0.0298761225557682
0.0,-6.732385,0.0298761225557682
0.0,-6.801367,0.0298761225557682
0.0,-6.7163954,0.0298761225557682
0.0,-6.8853474,0.0298761225557682
0.0,-6.7793536,0.0298761225557682
0.0,-6.8311787,0.0298761225557682
0.0,-6.843643,0.0298761225557682
0.0,-6.725445,0.0298761225557682
0.0,-6.787286,0.0298761225557682
0.0,-6.7300177,0.0298761225557682
0.0,-6.8845916,0.0298761225557682
0.0,-6.849555,0.0298761225557682
0.0,-6.850456,0.0298761225557682
0.0,-6.8084073,0.0298761225557682
0.0,-6.8189073,0.0298761225557682
0.0,-6.787883,0.0298761225557682
0.0,-6.8855977,0.0298761225557682
0.0,-6.843486,0.0298761225557682
0.0,-6.7145786,0.0298761225557682
0.0,-6.7183757,0.0298761225557682
0.0,-6.826993,0.0298761225557682
0.0,-6.7980504,0.0298761225557682
0.0,-6.8066177,0.0298761225557682
0.0,-6.7496777,0.0298761225557682
0.0,-6.731019,0.0298761225557682
0.0,-6.863239,0.0298761225557682
0.0,-6.8332815,0.0298761225557682
0.0,-6.8723893,0.0298761225557682
0.0,-6.8240476,0.0298761225557682
0.0,-6.7921247,0.0298761225557682
0.0,-6.8333745,0.0298761225557682
0.0,-6.8507457,0.0298761225557682
0.0,-6.7128363,0.0298761225557682
0.0,-6.7828107,0.0298761225557682
0.0,-6.8648586,0.0298761225557682
0.0,-6.77956,0.0298761225557682
0.0,-6.853125,0.0298761225557682
0.0,-6.800743,0.0298761225557682
0.0,-6.8036566,0.0298761225557682
0.0,-6.778748,0.0298761225557682
0.0,-6.8839445,0.0298761225557682
0.0,-6.717643,0.0298761225557682
0.0,-6.82369,0.0298761225557682
0.0,-6.7461195,0.0298761225557682
0.0,-6.8476057,0.0298761225557682
0.0,-6.8283424,0.0298761225557682
0.0,-6.791103,0.0298761225557682
0.0,-6.8818665,0.0298761225557682
0.0,-6.761794,0.0298761225557682
0.0,-6.747656,0.0298761225557682
0.0,-6.726482,0.0298761225557682
0.0,-6.8584547,0.0298761225557682
0.0,-6.8523836,0.0298761225557682
0.0,-6.7195835,0.0298761225557682
0.0,-6.874567,0.0298761225557682
0.0,-6.7753897,0.0298761225557682
0.0,-6.8681374,0.0298761225557682
0.0,-6.757574,0.0298761225557682
0.0,-6.8148613,0.0298761225557682
0.0,-6.8003836,0.0298761225557682
0.0,-6.8162584,0.0298761225557682
0.0,-6.7833447,0.0298761225557682
0.0,-6.8753996,0.0298761225557682
0.0,-6.740986,0.0298761225557682
0.0,-6.8536386,0.0298761225557682
0.0,-6.8435183,0.0298761225557682
0.0,-6.820066,0.0298761225557682
0.0,-6.80952,0.0298761225557682
0.0,-6.789027,0.0298761225557682
0.0,-6.806836,0.0298761225557682
0.0,-6.745527,0.0298761225557682
0.0,-6.8276453,0.0298761225557682
0.0,-6.7716017,0.0298761225557682
0.0,-6.738832,0.0298761225557682
0.0,-6.775098,0.0298761225557682
0.0,-6.830673,0.0298761225557682
0.0,-6.8217444,0.0298761225557682
0.0,-6.728382,0.0298761225557682
0.0,-6.869398,0.0298761225557682
0.0,-6.713226,0.0298761225557682
0.0,-6.8564725,0.0298761225557682
0.0,-6.772255,0.0298761225557682
0.0,-6.7624702,0.0298761225557682
0.0,-6.8696823,0.0298761225557682
0.0,-6.8681374,0.0298761225557682
0.0,-6.7589307,0.0298761225557682
0.0,-6.72165,0.0298761225557682
0.0,-6.722478,0.0298761225557682
0.0,-6.7385197,0.0298761225557682
0.0,-6.7342067,0.0298761225557682
0.0,-6.8027115,0.0298761225557682
0.0,-6.8859053,0.0298761225557682
0.0,-6.857091,0.0298761225557682
0.0,-6.771133,0.0298761225557682
0.0,-6.8399324,0.0298761225557682
0.0,-6.872654,0.0298761225557682
0.0,-6.803137,0.0298761225557682
0.0,-6.8739786,0.0298761225557682
0.0,-6.7867637,0.0298761225557682
0.0,-6.804367,0.0298761225557682
0.0,-6.876757,0.0298761225557682
0.0,-6.7260036,0.0298761225557682
0.0,-6.840211,0.0298761225557682
0.0,-6.8604016,0.0298761225557682
0.0,-6.8578615,0.0298761225557682
0.0,-6.8363943,0.0298761225557682
0.0,-6.8442273,0.0298761225557682
0.0,-6.7495847,0.0298761225557682
0.0,-6.828172,0.0298761225557682
0.0,-6.8564987,0.0298761225557682
0.0,-6.8659806,0.0298761225557682
0.0,-6.828072,0.0298761225557682
0.0,-6.7480087,0.0298761225557682
0.0,-6.728847,0.0298761225557682
0.0,-6.8228555,0.0298761225557682
0.0,-6.8796515,0.0298761225557682
0.0,-6.8111095,0.0298761225557682
0.0,-6.766382,0.0298761225557682
0.0,-6.713525,0.0298761225557682
0.0,-6.7121744,0.0298761225557682
0.0,-6.744263,0.0298761225557682
0.0,-6.737497,0.0298761225557682
0.0,-6.8699875,0.0298761225557682
0.0,-6.7619133,0.0298761225557682
0.0,-6.8305707,0.0298761225557682
0.0,-6.77572,0.0298761225557682
0.0,-6.816275,0.0298761225557682
0.0,-6.774148,0.0298761225557682
0.0,-6.8232574,0.0298761225557682
0.0,-6.7385244,0.0298761225557682
0.0,-6.824933,0.0298761225557682
0.0,-6.8564234,0.0298761225557682
0.0,-6.8658257,0.0298761225557682
0.0,-6.8737984,0.0298761225557682
0.0,-6.7836,0.0298761225557682
0.0,-6.7285776,0.0298761225557682
0.0,-6.7420254,0.0298761225557682
0.0,-6.7741117,0.0298761225557682
0.0,-6.73198,0.0298761225557682
0.0,-6.862676,0.0298761225557682
0.0,-6.728793,0.0298761225557682
0.0,-6.867802,0.0298761225557682
0.0,-6.8818808,0.0298761225557682
0.0,-6.8705106,0.0298761225557682
0.0,-6.847991,0.0298761225557682
0.0,-6.7173243,0.0298761225557682
0.0,-6.7843556,0.0298761225557682
0.0,-6.760268,0.0298761225557682
0.0,-6.7442236,0.0298761225557682
0.0,-6.769402,0.0298761225557682
0.0,-6.857094,0.0298761225557682
0.0,-6.7696166,0.0298761225557682
0.0,-6.869787,0.0298761225557682
0.0,-6.8567696,0.0298761225557682
0.0,-6.7217255,0.0298761225557682
0.0,-6.8798256,0.0298761225557682
0.0,-6.831639,0.0298761225557682
0.0,-6.7869005,0.0298761225557682
0.0,-6.773865,0.0298761225557682
0.0,-6.852995,0.0298761225557682
0.0,-6.785686,0.0298761225557682
0.0,-6.8154707,0.0298761225557682
0.0,-6.8144073,0.0298761225557682
0.0,-6.792227,0.0298761225557682
0.0,-6.8306932,0.0298761225557682
0.0,-6.872897,0.0298761225557682
0.0,-6.885488,0.0298761225557682
0.0,-6.8585644,0.0298761225557682
0.0,-6.8286476,0.0298761225557682
0.0,-6.8285108,0.0298761225557682
0.0,-6.872364,0.0298761225557682
0.0,-6.8008685,0.0298761225557682
0.0,-6.8517327,0.0298761225557682
0.0,-6.841352,0.0298761225557682
0.0,-6.7591166,0.0298761225557682
0.0,-6.758095,0.0298761225557682
0.0,-6.8586025,0.0298761225557682
0.0,-6.7769766,0.0298761225557682
0.0,-6.8265486,0.0298761225557682
0.0,-6.820383,0.0298761225557682
0.0,-6.71741,0.0298761225557682
0.0,-6.8845105,0.0298761225557682
0.0,-6.729052,0.0298761225557682
0.0,-6.765001,0.0298761225557682
0.0,-6.7688046,0.0298761225557682
0.0,-6.806184,0.0298761225557682
0.0,-6.825762,0.0298761225557682
0.0,-6.8105516,0.0298761225557682
0.0,-6.785818,0.0298761225557682
0.0,-6.797415,0.0298761225557682
0.0,-6.8188834,0.0298761225557682
0.0,-6.845804,0.0298761225557682
0.0,-6.823206,0.0298761225557682
0.0,-6.8406477,0.0298761225557682
0.0,-6.729901,0.0298761225557682
0.0,-6.7856336,0.0298761225557682
0.0,-6.7857704,0.0298761225557682
0.0,-6.8333507,0.0298761225557682
0.0,-6.8088064,0.0298761225557682
0.0,-6.7252455,0.0298761225557682
0.0,-6.860222,0.0298761225557682
0.0,-6.8585024,0.0298761225557682
0.0,-6.7493987,0.0298761225557682
0.0,-6.849121,0.0298761225557682
0.0,-6.767335,0.0298761225557682
0.0,-6.7257953,0.0298761225557682
0.0,-6.7134595,0.0298761225557682
0.0,-6.8641067,0.0298761225557682
0.0,-6.8460855,0.0298761225557682
0.0,-6.715095,0.0298761225557682
0.0,-6.8165708,0.0298761225557682
0.0,-6.8043756,0.0298761225557682
0.0,-6.784953,0.0298761225557682
0.0,-6.820879,0.0298761225557682
0.0,-6.739397,0.0298761225557682
0.0,-6.791699,0.0298761225557682
0.0,-6.7271757,0.0298761225557682
0.0,-6.85385,0.0298761225557682
0.0,-6.791599,0.0298761225557682
0.0,-6.768639,0.0298761225557682
0.0,-6.7985,0.0298761225557682
0.0,-6.7360077,0.0298761225557682
0.0,-6.8450236,0.0298761225557682
0.0,-6.793537,0.0298761225557682
0.0,-6.7653394,0.0298761225557682
0.0,-6.7250943,0.0298761225557682
0.0,-6.7592883,0.0298761225557682
0.0,-6.802881,0.0298761225557682
0.0,-6.8140435,0.0298761225557682
0.0,-6.7401924,0.0298761225557682
0.0,-6.8517456,0.0298761225557682
0.0,-6.8015122,0.0298761225557682
0.0,-6.833481,0.0298761225557682
0.0,-6.752099,0.0298761225557682
0.0,-6.752689,0.0298761225557682
0.0,-6.875446,0.0298761225557682
0.0,-6.730009,0.0298761225557682
0.0,-6.8831134,0.0298761225557682
0.0,-6.7937922,0.0298761225557682
0.0,-6.745212,0.0298761225557682
0.0,-6.718212,0.0298761225557682
0.0,-6.8267775,0.0298761225557682
0.0,-6.8565664,0.0298761225557682
0.0,-6.727811,0.0298761225557682
0.0,-6.8467426,0.0298761225557682
0.0,-6.7147303,0.0298761225557682
0.0,-6.8382177,0.0298761225557682
0.0,-6.7299247,0.0298761225557682
0.0,-6.7592144,0.0298761225557682
0.0,-6.855328,0.0298761225557682
0.0,-6.7527795,0.0298761225557682
0.0,-6.7888784,0.0298761225557682
0.0,-6.765461,0.0298761225557682
0.0,-6.8161526,0.0298761225557682
0.0,-6.7374525,0.0298761225557682
0.0,-6.767118,0.0298761225557682
0.0,-6.8665814,0.0298761225557682
0.0,-6.8808737,0.0298761225557682
0.0,-6.8819118,0.0298761225557682
0.0,-6.769146,0.0298761225557682
0.0,-6.7991805,0.0298761225557682
0.0,-6.7307687,0.0298761225557682
0.0,-6.858796,0.0298761225557682
0.0,-6.726961,0.0298761225557682
0.0,-6.85935,0.0298761225557682
0.0,-6.795249,0.0298761225557682
0.0,-6.8084097,0.0298761225557682
0.0,-6.8814316,0.0298761225557682
0.0,-6.8579555,0.0298761225557682
0.0,-6.8542566,0.0298761225557682
0.0,-6.744375,0.0298761225557682
0.0,-6.755097,0.0298761225557682
0.0,-6.834441,0.0298761225557682
0.0,-6.7897463,0.0298761225557682
0.0,-6.729009,0.0298761225557682
0.0,-6.7885303,0.0298761225557682
0.0,-6.810547,0.0298761225557682
0.0,-6.839583,0.0298761225557682
0.0,-6.823057,0.0298761225557682
0.0,-6.7828417,0.0298761225557682
0.0,-6.871462,0.0298761225557682
0.0,-6.7557964,0.0298761225557682
0.0,-6.7777467,0.0298761225557682
0.0,-6.8278656,0.0298761225557682
0.0,-6.7679367,0.0298761225557682
0.0,-6.802423,0.0298761225557682
0.0,-6.816528,0.0298761225557682
0.0,-6.8044734,0.0298761225557682
0.0,-6.7181277,0.0298761225557682
0.0,-6.766238,0.0298761225557682
0.0,-6.724514,0.0298761225557682
0.0,-6.8103147,0.0298761225557682
0.0,-6.852702,0.0298761225557682
0.0,-6.857853,0.0298761225557682
0.0,-6.7978263,0.0298761225557682
0.0,-6.8519974,0.0298761225557682
0.0,-6.736203,0.0298761225557682
0.0,-6.814748,0.0298761225557682
0.0,-6.772101,0.0298761225557682
0.0,-6.8213997,0.0298761225557682
0.0,-6.77526,0.0298761225557682
0.0,-6.77994,0.0298761225557682
0.0,-6.7994666,0.0298761225557682
0.0,-6.7634177,0.0298761225557682
0.0,-6.879699,0.0298761225557682
0.0,-6.712911,0.0298761225557682
0.0,-6.8506455,0.0298761225557682
0.0,-6.775284,0.0298761225557682
0.0,-6.7435417,0.0298761225557682
0.0,-6.747161,0.0298761225557682
0.0,-6.738727,0.0298761225557682
0.0,-6.7652607,0.0298761225557682
0.0,-6.814247,0.0298761225557682
0.0,-6.778691,0.0298761225557682
0.0,-6.8836107,0.0298761225557682
0.0,-6.819527,0.0298761225557682
0.0,-6.796975,0.0298761225557682
0.0,-6.848363,0.0298761225557682
0.0,-6.777532,0.0298761225557682
0.0,-6.805496,0.0298761225557682
0.0,-6.766126,0.0298761225557682
0.0,-6.7781377,0.0298761225557682
0.0,-6.744417,0.0298761225557682
0.0,-6.846319,0.0298761225557682
0.0,-6.8518553,0.0298761225557682
0.0,-6.8627048,0.0298761225557682
0.0,-6.715912,0.0298761225557682
0.0,-6.782194,0.0298761225557682
0.0,-6.8748274,0.0298761225557682
0.0,-6.7299995,0.0298761225557682
0.0,-6.8396974,0.0298761225557682
0.0,-6.7201223,0.0298761225557682
0.0,-6.8172073,0.0298761225557682
0.0,-6.755233,0.0298761225557682
0.0,-6.792326,0.0298761225557682
0.0,-6.716509,0.0298761225557682
0.0,-6.8119836,0.0298761225557682
0.0,-6.8314576,0.0298761225557682
0.0,-6.7419157,0.0298761225557682
0.0,-6.7847967,0.0298761225557682
0.0,-6.8478107,0.0298761225557682
0.0,-6.8561673,0.0298761225557682
0.0,-6.765423,0.0298761225557682
0.0,-6.8084726,0.0298761225557682
0.0,-6.8185043,0.0298761225557682
0.0,-6.869619,0.0298761225557682
0.0,-6.796088,0.0298761225557682
0.0,-6.808908,0.0298761225557682
0.0,-6.8428087,0.0298761225557682
0.0,-6.82518,0.0298761225557682
0.0,-6.8786297,0.0298761225557682
0.0,-6.7185497,0.0298761225557682
0.0,-6.792392,0.0298761225557682
0.0,-6.817999,0.0298761225557682
0.0,-6.7818785,0.0298761225557682
0.0,-6.7813516,0.0298761225557682
0.0,-6.7715464,0.0298761225557682
0.0,-6.7992187,0.0298761225557682
0.0,-6.7428646,0.0298761225557682
0.0,-6.7683053,0.0298761225557682
0.0,-6.722823,0.0298761225557682
0.0,-6.829889,0.0298761225557682
0.0,-6.7565594,0.0298761225557682
0.0,-6.735971,0.0298761225557682
0.0,-6.7949715,0.0298761225557682
0.0,-6.7758203,0.0298761225557682
0.0,-6.8413105,0.0298761225557682
0.0,-6.792473,0.0298761225557682
0.0,-6.855036,0.0298761225557682
0.0,-6.751249,0.0298761225557682
0.0,-6.8713927,0.0298761225557682
0.0,-6.7193103,0.0298761225557682
0.0,-6.7970133,0.0298761225557682
0.0,-6.85601,0.0298761225557682
0.0,-6.811292,0.0298761225557682
0.0,-6.751333,0.0298761225557682
0.0,-6.7871594,0.0298761225557682
0.0,-6.8582907,0.0298761225557682
0.0,-6.8721876,0.0298761225557682
0.0,-6.772519,0.0298761225557682
0.0,-6.8829594,0.0298761225557682
0.0,-6.7163086,0.0298761225557682
0.0,-6.820203,0.0298761225557682
0.0,-6.7680907,0.0298761225557682
0.0,-6.853695,0.0298761225557682
0.0,-6.742507,0.0298761225557682
0.0,-6.7156243,0.0298761225557682
0.0,-6.792929,0.0298761225557682
0.0,-6.7499247,0.0298761225557682
0.0,-6.835947,0.0298761225557682
0.0,-6.8628645,0.0298761225557682
0.0,-6.74944,0.0298761225557682
0.0,-6.7454147,0.0298761225557682
0.0,-6.805147,0.0298761225557682
0.0,-6.863986,0.0298761225557682
0.0,-6.781187,0.0298761225557682
0.0,-6.856656,0.0298761225557682
0.0,-6.858604,0.0298761225557682
0.0,-6.725955,0.0298761225557682
0.0,-6.7905617,0.0298761225557682
0.0,-6.82075,0.0298761225557682
0.0,-6.775706,0.0298761225557682
0.0,-6.779053,0.0298761225557682
0.0,-6.732638,0.0298761225557682
0.0,-6.809399,0.0298761225557682
0.0,-6.8848124,0.0298761225557682
0.0,-6.8540516,0.0298761225557682
0.0,-6.8252745,0.0298761225557682
0.0,-6.744691,0.0298761225557682
0.0,-6.75647,0.0298761225557682
0.0,-6.8176746,0.0298761225557682
0.0,-6.8295383,0.0298761225557682
0.0,-6.845422,0.0298761225557682
0.0,-6.719289,0.0298761225557682
0.0,-6.82732,0.0298761225557682
0.0,-6.718085,0.0298761225557682
0.0,-6.712086,0.0298761225557682
0.0,-6.7883134,0.0298761225557682
0.0,-6.8555202,0.0298761225557682
0.0,-6.715502,0.0298761225557682
0.0,-6.866069,0.0298761225557682
0.0,-6.826082,0.0298761225557682
0.0,-6.7942357,0.0298761225557682
0.0,-6.7262864,0.0298761225557682
0.0,-6.789758,0.0298761225557682
0.0,-6.7909145,0.0298761225557682
0.0,-6.7288423,0.0298761225557682
0.0,-6.73625,0.0298761225557682
0.0,-6.8069267,0.0298761225557682
0.0,-6.8428206,0.0298761225557682
0.0,-6.789658,0.0298761225557682
0.0,-6.8795133,0.0298761225557682
0.0,-6.786455,0.0298761225557682
0.0,-6.7233753,0.0298761225557682
0.0,-6.871872,0.0298761225557682
0.0,-6.8056145,0.0298761225557682
0.0,-6.862242,0.0298761225557682
0.0,-6.7279744,0.0298761225557682
0.0,-6.8064966,0.0298761225557682
0.0,-6.79873,0.0298761225557682
0.0,-6.73092,0.0298761225557682
0.0,-6.854179,0.0298761225557682
0.0,-6.765953,0.0298761225557682
0.0,-6.780754,0.0298761225557682
0.0,-6.802411,0.0298761225557682
0.0,-6.7191353,0.0298761225557682
0.0,-6.873417,0.0298761225557682
0.0,-6.869582,0.0298761225557682
0.0,-6.8739343,0.0298761225557682
0.0,-6.7946854,0.0298761225557682
0.0,-6.8748355,0.0298761225557682
0.0,-6.8723464,0.0298761225557682
0.0,-6.839602,0.0298761225557682
0.0,-6.8482924,0.0298761225557682
0.0,-6.8463717,0.0298761225557682
0.0,-6.8697476,0.0298761225557682
0.0,-6.885929,0.0298761225557682
0.0,-6.8788586,0.0298761225557682
0.0,-6.793417,0.0298761225557682
0.0,-6.7864122,0.0298761225557682
0.0,-6.76162,0.0298761225557682
0.0,-6.721492,0.0298761225557682
0.0,-6.843281,0.0298761225557682
0.0,-6.7769694,0.0298761225557682
0.0,-6.740903,0.0298761225557682
0.0,-6.8168964,0.0298761225557682
0.0,-6.817704,0.0298761225557682
0.0,-6.799513,0.0298761225557682
0.0,-6.802477,0.0298761225557682
0.0,-6.770613,0.0298761225557682
0.0,-6.8761587,0.0298761225557682
0.0,-6.7987037,0.0298761225557682
0.0,-6.8857503,0.0298761225557682
0.0,-6.850786,0.0298761225557682
0.0,-6.816312,0.0298761225557682
0.0,-6.8043137,0.0298761225557682
0.0,-6.7871246,0.0298761225557682
0.0,-6.7618847,0.0298761225557682
0.0,-6.8614492,0.0298761225557682
0.0,-6.8088317,0.0298761225557682
0.0,-6.8796787,0.0298761225557682
0.0,-6.799631,0.0298761225557682
0.0,-6.8220863,0.0298761225557682
0.0,-6.869166,0.0298761225557682
0.0,-6.7646933,0.0298761225557682
0.0,-6.7716255,0.0298761225557682
0.0,-6.803286,0.0298761225557682
0.0,-6.86483,0.0298761225557682
0.0,-6.780617,0.0298761225557682
0.0,-6.8656516,0.0298761225557682
0.0,-6.8447075,0.0298761225557682
0.0,-6.8627715,0.0298761225557682
0.0,-6.7974353,0.0298761225557682
0.0,-6.770642,0.0298761225557682
0.0,-6.7307625,0.0298761225557682
0.0,-6.7531896,0.0298761225557682
0.0,-6.8817377,0.0298761225557682
0.0,-6.8285894,0.0298761225557682
0.0,-6.7234287,0.0298761225557682
0.0,-6.79693,0.0298761225557682
0.0,-6.8793354,0.0298761225557682
0.0,-6.8737936,0.0298761225557682
0.0,-6.853502,0.0298761225557682
0.0,-6.8348527,0.0298761225557682
0.0,-6.7182245,0.0298761225557682
0.0,-6.8759775,0.0298761225557682
0.0,-6.791753,0.0298761225557682
0.0,-6.7155495,0.0298761225557682
0.0,-6.81592,0.0298761225557682
0.0,-6.797788,0.0298761225557682
0.0,-6.809242,0.0298761225557682
0.0,-6.82588,0.0298761225557682
0.0,-6.7409134,0.0298761225557682
0.0,-6.7498827,0.0298761225557682
0.0,-6.7785463,0.0298761225557682
0.0,-6.7893267,0.0298761225557682
0.0,-6.8085504,0.0298761225557682
0.0,-6.784904,0.0298761225557682
0.0,-6.8769884,0.0298761225557682
0.0,-6.718421,0.0298761225557682
0.0,-6.771221,0.0298761225557682
0.0,-6.866944,0.0298761225557682
0.0,-6.7525053,0.0298761225557682
0.0,-6.7418814,0.0298761225557682
0.0,-6.7710423,0.0298761225557682
0.0,-6.817677,0.0298761225557682
0.0,-6.7767906,0.0298761225557682
0.0,-6.7514324,0.0298761225557682
0.0,-6.823388,0.0298761225557682
0.0,-6.8228874,0.0298761225557682
0.0,-6.7987766,0.0298761225557682
0.0,-6.883745,0.0298761225557682
0.0,-6.7962623,0.0298761225557682
0.0,-6.820886,0.0298761225557682
0.0,-6.8208456,0.0298761225557682
0.0,-6.828933,0.0298761225557682
0.0,-6.7400846,0.0298761225557682
0.0,-6.865201,0.0298761225557682
0.0,-6.877776,0.0298761225557682
0.0,-6.739371,0.0298761225557682
0.0,-6.7661476,0.0298761225557682
0.0,-6.7505074,0.0298761225557682
0.0,-6.7199144,0.0298761225557682
0.0,-6.8785906,0.0298761225557682
0.0,-6.7527857,0.0298761225557682
0.0,-6.721854,0.0298761225557682
0.0,-6.832502,0.0298761225557682
0.0,-6.7752542,0.0298761225557682
0.0,-6.745274,0.0298761225557682
0.0,-6.763537,0.0298761225557682
0.0,-6.7434883,0.0298761225557682
0.0,-6.802814,0.0298761225557682
0.0,-6.838906,0.0298761225557682
0.0,-6.832982,0.0298761225557682
0.0,-6.818696,0.0298761225557682
0.0,-6.7988896,0.0298761225557682
0.0,-6.8376627,0.0298761225557682
0.0,-6.8534684,0.0298761225557682
0.0,-6.7738748,0.0298761225557682
0.0,-6.7387857,0.0298761225557682
0.0,-6.855111,0.0298761225557682
0.0,-6.8294787,0.0298761225557682
0.0,-6.7639422,0.0298761225557682
0.0,-6.7173934,0.0298761225557682
0.0,-6.8763456,0.0298761225557682
0.0,-6.833279,0.0298761225557682
0.0,-6.754899,0.0298761225557682
0.0,-6.871194,0.0298761225557682
0.0,-6.884606,0.0298761225557682
0.0,-6.7714224,0.0298761225557682
0.0,-6.845149,0.0298761225557682
0.0,-6.7244005,0.0298761225557682
0.0,-6.8283224,0.0298761225557682
0.0,-6.863067,0.0298761225557682
0.0,-6.7983093,0.0298761225557682
0.0,-6.759821,0.0298761225557682
0.0,-6.8574095,0.0298761225557682
0.0,-6.7392836,0.0298761225557682
0.0,-6.8667936,0.0298761225557682
0.0,-6.732261,0.0298761225557682
0.0,-6.740794,0.0298761225557682
0.0,-6.8748846,0.0298761225557682
0.0,-6.8312383,0.0298761225557682
0.0,-6.8392763,0.0298761225557682
0.0,-6.773343,0.0298761225557682
0.0,-6.855588,0.0298761225557682
0.0,-6.783085,0.0298761225557682
0.0,-6.8686056,0.0298761225557682
0.0,-6.865411,0.0298761225557682
0.0,-6.7447066,0.0298761225557682
0.0,-6.751543,0.0298761225557682
0.0,-6.869905,0.0298761225557682
0.0,-6.8446875,0.0298761225557682
0.0,-6.7808924,0.0298761225557682
0.0,-6.8594337,0.0298761225557682
0.0,-6.7364597,0.0298761225557682
0.0,-6.748035,0.0298761225557682
0.0,-6.777505,0.0298761225557682
0.0,-6.772026,0.0298761225557682
0.0,-6.753006,0.0298761225557682
0.0,-6.792469,0.0298761225557682
0.0,-6.7864156,0.0298761225557682
0.0,-6.799252,0.0298761225557682
0.0,-6.7525268,0.0298761225557682
0.0,-6.757779,0.0298761225557682
0.0,-6.848632,0.0298761225557682
0.0,-6.7496347,0.0298761225557682
0.0,-6.840358,0.0298761225557682
0.0,-6.7260275,0.0298761225557682
0.0,-6.8849077,0.0298761225557682
0.0,-6.8733573,0.0298761225557682
0.0,-6.7403183,0.0298761225557682
0.0,-6.8078613,0.0298761225557682
0.0,-6.7434635,0.0298761225557682
0.0,-6.7190957,0.0298761225557682
0.0,-6.790414,0.0298761225557682
0.0,-6.7820215,0.0298761225557682
0.0,-6.7664576,0.0298761225557682
0.0,-6.7154684,0.0298761225557682
0.0,-6.8457747,0.0298761225557682
0.0,-6.85522,0.0298761225557682
0.0,-6.71767,0.0298761225557682
0.0,-6.7227497,0.0298761225557682
0.0,-6.871748,0.0298761225557682
0.0,-6.799338,0.0298761225557682
0.0,-6.8629622,0.0298761225557682
0.0,-6.729734,0.0298761225557682
0.0,-6.7669463,0.0298761225557682
0.0,-6.8033957,0.0298761225557682
0.0,-6.7636595,0.0298761225557682
0.0,-6.7467666,0.0298761225557682
0.0,-6.7198896,0.0298761225557682
0.0,-6.7176113,0.0298761225557682
0.0,-6.821835,0.0298761225557682
0.0,-6.875105,0.0298761225557682
0.0,-6.864977,0.0298761225557682
0.0,-6.7338333,0.0298761225557682
0.0,-6.790127,0.0298761225557682
0.0,-6.8214917,0.0298761225557682
0.0,-6.7626762,0.0298761225557682
0.0,-6.768968,0.0298761225557682
0.0,-6.785225,0.0298761225557682
0.0,-6.855241,0.0298761225557682
0.0,-6.7498803,0.0298761225557682
0.0,-6.8335714,0.0298761225557682
0.0,-6.7450356,0.0298761225557682
0.0,-6.8616867,0.0298761225557682
0.0,-6.778724,0.0298761225557682
0.0,-6.812334,0.0298761225557682
0.0,-6.718322,0.0298761225557682
0.0,-6.816156,0.0298761225557682
0.0,-6.8477726,0.0298761225557682
0.0,-6.8184385,0.0298761225557682
0.0,-6.854168,0.0298761225557682
0.0,-6.728809,0.0298761225557682
0.0,-6.7225122,0.0298761225557682
0.0,-6.771829,0.0298761225557682
0.0,-6.7662573,0.0298761225557682
0.0,-6.7383947,0.0298761225557682
0.0,-6.884899,0.0298761225557682
0.0,-6.83158,0.0298761225557682
0.0,-6.7363524,0.0298761225557682
0.0,-6.7344055,0.0298761225557682
0.0,-6.852566,0.0298761225557682
0.0,-6.8787575,0.0298761225557682
0.0,-6.7321825,0.0298761225557682
0.0,-6.7251635,0.0298761225557682
0.0,-6.807337,0.0298761225557682
0.0,-6.775507,0.0298761225557682
0.0,-6.7401385,0.0298761225557682
0.0,-6.758735,0.0298761225557682
0.0,-6.814872,0.0298761225557682
0.0,-6.775799,0.0298761225557682
0.0,-6.7514133,0.0298761225557682
0.0,-6.7714763,0.0298761225557682
0.0,-6.7837515,0.0298761225557682
0.0,-6.85709,0.0298761225557682
0.0,-6.784096,0.0298761225557682
0.0,-6.7287817,0.0298761225557682
0.0,-6.744821,0.0298761225557682
0.0,-6.840562,0.0298761225557682
0.0,-6.765728,0.0298761225557682
0.0,-6.8077016,0.0298761225557682
0.0,-6.7628503,0.0298761225557682
0.0,-6.8009415,0.0298761225557682
0.0,-6.7236137,0.0298761225557682
0.0,-6.740775,0.0298761225557682
0.0,-6.763797,0.0298761225557682
0.0,-6.798215,0.0298761225557682
0.0,-6.7703047,0.0298761225557682
0.0,-6.742568,0.0298761225557682
0.0,-6.740072,0.0298761225557682
0.0,-6.82884,0.0298761225557682
0.0,-6.876973,0.0298761225557682
0.0,-6.7795887,0.0298761225557682
0.0,-6.8112564,0.0298761225557682
0.0,-6.745229,0.0298761225557682
0.0,-6.801749,0.0298761225557682
0.0,-6.738355,0.0298761225557682
0.0,-6.8180704,0.0298761225557682
0.0,-6.7433357,0.0298761225557682
0.0,-6.798558,0.0298761225557682
0.0,-6.735011,0.0298761225557682
0.0,-6.7837086,0.0298761225557682
0.0,-6.859021,0.0298761225557682
0.0,-6.7195225,0.0298761225557682
0.0,-6.7257285,0.0298761225557682
0.0,-6.714301,0.0298761225557682
0.0,-6.867161,0.0298761225557682
0.0,-6.7126822,0.0298761225557682
0.0,-6.731496,0.0298761225557682
0.0,-6.7175055,0.0298761225557682
0.0,-6.728618,0.0298761225557682
0.0,-6.712185,0.0298761225557682
0.0,-6.8220806,0.0298761225557682
0.0,-6.7765656,0.0298761225557682
0.0,-6.8049145,0.0298761225557682
0.0,-6.8448496,0.0298761225557682
0.0,-6.844418,0.0298761225557682
0.0,-6.750071,0.0298761225557682
0.0,-6.856189,0.0298761225557682
0.0,-6.8252907,0.0298761225557682
0.0,-6.8381844,0.0298761225557682
0.0,-6.714046,0.0298761225557682
0.0,-6.767156,0.0298761225557682
0.0,-6.713743,0.0298761225557682
0.0,-6.857319,0.0298761225557682
0.0,-6.747526,0.0298761225557682
0.0,-6.867832,0.0298761225557682
0.0,-6.7901983,0.0298761225557682
0.0,-6.7761016,0.0298761225557682
0.0,-6.735778,0.0298761225557682
0.0,-6.7403374,0.0298761225557682
0.0,-6.756594,0.0298761225557682
0.0,-6.8849516,0.0298761225557682
0.0,-6.780894,0.0298761225557682
0.0,-6.813705,0.0298761225557682
0.0,-6.8379126,0.0298761225557682
0.0,-6.7733526,0.0298761225557682
0.0,-6.8760166,0.0298761225557682
0.0,-6.867597,0.0298761225557682
0.0,-6.820711,0.0298761225557682
0.0,-6.8260455,0.0298761225557682
0.0,-6.8536854,0.0298761225557682
0.0,-6.7617297,0.0298761225557682
0.0,-6.7265215,0.0298761225557682
0.0,-6.718651,0.0298761225557682
0.0,-6.7864966,0.0298761225557682
0.0,-6.7962146,0.0298761225557682
0.0,-6.856444,0.0298761225557682
0.0,-6.7343545,0.0298761225557682
0.0,-6.75946,0.0298761225557682
0.0,-6.833942,0.0298761225557682
0.0,-6.793661,0.0298761225557682
0.0,-6.7990255,0.0298761225557682
0.0,-6.8088245,0.0298761225557682
0.0,-6.784753,0.0298761225557682
0.0,-6.802213,0.0298761225557682
0.0,-6.7569065,0.0298761225557682
0.0,-6.7528715,0.0298761225557682
0.0,-6.8558083,0.0298761225557682
0.0,-6.747608,0.0298761225557682
0.0,-6.733774,0.0298761225557682
0.0,-6.803607,0.0298761225557682
0.0,-6.7318926,0.0298761225557682
0.0,-6.85838,0.0298761225557682
0.0,-6.798936,0.0298761225557682
0.0,-6.826942,0.0298761225557682
0.0,-6.8825746,0.0298761225557682
0.0,-6.8546095,0.0298761225557682
0.0,-6.8566036,0.0298761225557682
0.0,-6.7185497,0.0298761225557682
0.0,-6.867141,0.0298761225557682
0.0,-6.7844725,0.0298761225557682
0.0,-6.7978287,0.0298761225557682
0.0,-6.7938614,0.0298761225557682
0.0,-6.8677845,0.0298761225557682
0.0,-6.726671,0.0298761225557682
0.0,-6.8041363,0.0298761225557682
0.0,-6.7417774,0.0298761225557682
0.0,-6.7185783,0.0298761225557682
0.0,-6.7701697,0.0298761225557682
0.0,-6.8682394,0.0298761225557682
0.0,-6.790662,0.0298761225557682
0.0,-6.8709555,0.0298761225557682
0.0,-6.736295,0.0298761225557682
0.0,-6.8360386,0.0298761225557682
0.0,-6.8140674,0.0298761225557682
0.0,-6.8091226,0.0298761225557682
0.0,-6.822183,0.0298761225557682
0.0,-6.763046,0.0298761225557682
0.0,-6.7762327,0.0298761225557682
0.0,-6.77116,0.0298761225557682
0.0,-6.8757606,0.0298761225557682
0.0,-6.7332363,0.0298761225557682
0.0,-6.8387628,0.0298761225557682
0.0,-6.85169,0.0298761225557682
0.0,-6.736163,0.0298761225557682
0.0,-6.851878,0.0298761225557682
0.0,-6.740525,0.0298761225557682
0.0,-6.7871165,0.0298761225557682
0.0,-6.8610406,0.0298761225557682
0.0,-6.750052,0.0298761225557682
0.0,-6.7468643,0.0298761225557682
0.0,-6.7798734,0.0298761225557682
0.0,-6.85771,0.0298761225557682
0.0,-6.7906713,0.0298761225557682
0.0,-6.845567,0.0298761225557682
0.0,-6.7422915,0.0298761225557682
0.0,-6.8797207,0.0298761225557682
0.0,-6.7725954,0.0298761225557682
0.0,-6.8569613,0.0298761225557682
0.0,-6.829655,0.0298761225557682
0.0,-6.7456245,0.0298761225557682
0.0,-6.8035603,0.0298761225557682
0.0,-6.855383,0.0298761225557682
0.0,-6.8130674,0.0298761225557682
0.0,-6.7656565,0.0298761225557682
0.0,-6.862093,0.0298761225557682
0.0,-6.71671,0.0298761225557682
0.0,-6.7831793,0.0298761225557682
0.0,-6.7210674,0.0298761225557682
0.0,-6.8502226,0.0298761225557682
0.0,-6.8241906,0.0298761225557682
0.0,-6.743424,0.0298761225557682
0.0,-6.7412972,0.0298761225557682
0.0,-6.824499,0.0298761225557682
0.0,-6.8526173,0.0298761225557682
0.0,-6.7216134,0.0298761225557682
0.0,-6.8339944,0.0298761225557682
0.0,-6.737013,0.0298761225557682
0.0,-6.8335223,0.0298761225557682
0.0,-6.855916,0.0298761225557682
0.0,-6.787994,0.0298761225557682
0.0,-6.8250217,0.0298761225557682
0.0,-6.8390265,0.0298761225557682
0.0,-6.8481264,0.0298761225557682
0.0,-6.7564116,0.0298761225557682
0.0,-6.7899537,0.0298761225557682
0.0,-6.8385077,0.0298761225557682
0.0,-6.8093815,0.0298761225557682
0.0,-6.7237387,0.0298761225557682
0.0,-6.7865396,0.0298761225557682
0.0,-6.834713,0.0298761225557682
0.0,-6.7516184,0.0298761225557682
0.0,-6.783228,0.0298761225557682
0.0,-6.854322,0.0298761225557682
0.0,-6.7652264,0.0298761225557682
0.0,-6.851554,0.0298761225557682
0.0,-6.80015,0.0298761225557682
0.0,-6.773112,0.0298761225557682
0.0,-6.7674828,0.0298761225557682
0.0,-6.8338966,0.0298761225557682
0.0,-6.7910624,0.0298761225557682
0.0,-6.789143,0.0298761225557682
0.0,-6.7892814,0.0298761225557682
0.0,-6.803627,0.0298761225557682
0.0,-6.744449,0.0298761225557682
0.0,-6.7851567,0.0298761225557682
0.0,-6.770978,0.0298761225557682
0.0,-6.7225943,0.0298761225557682
0.0,-6.763216,0.0298761225557682
0.0,-6.8566933,0.0298761225557682
0.0,-6.863961,0.0298761225557682
0.0,-6.846788,0.0298761225557682
0.0,-6.7809305,0.0298761225557682
0.0,-6.7495227,0.0298761225557682
0.0,-6.828265,0.0298761225557682
0.0,-6.878935,0.0298761225557682
0.0,-6.788659,0.0298761225557682
0.0,-6.861775,0.0298761225557682
0.0,-6.7429533,0.0298761225557682
0.0,-6.7488837,0.0298761225557682
0.0,-6.787882,0.0298761225557682
0.0,-6.7691336,0.0298761225557682
0.0,-6.7449617,0.0298761225557682
0.0,-6.873486,0.0298761225557682
0.0,-6.841991,0.0298761225557682
0.0,-6.7781305,0.0298761225557682
0.0,-6.8638077,0.0298761225557682
0.0,-6.839448,0.0298761225557682
0.0,-6.8283644,0.0298761225557682
0.0,-6.812392,0.0298761225557682
0.0,-6.8057013,0.0298761225557682
0.0,-6.7790985,0.0298761225557682
0.0,-6.8277273,0.0298761225557682
0.0,-4.6411753,0.0298761225557682
0.0,-5.351777,0.0298761225557682
0.0,-5.4694676,0.0298761225557682
0.0,-4.9179564,0.0298761225557682
0.0,-5.4178286,0.0298761225557682
-0.7229463865441941,-5.1941767,0.0298761225557682
-0.7180424325533405,-4.8185673,0.0298761225557682
-0.7067366099802385,-3.8474977,0.0298761225557682
-0.7176809180466373,-4.7898483,0.0298761225557682
-0.7295340134203243,-5.6606903,0.0298761225557682
